{"initial_reset_timestamp": 1551539083.362135, "timestamps": [1551539089.591093, 1551539096.272258, 1551539096.567334, 1551539096.608332, 1551539096.648232, 1551539096.673506, 1551539096.740858, 1551539096.791233, 1551539105.086143, 1551539105.3644621, 1551539105.396805, 1551539105.417919, 1551539105.455762, 1551539105.483712, 1551539105.5253792, 1551539105.5560682, 1551539105.595973, 1551539105.636846, 1551539105.7315829, 1551539105.765901, 1551539105.8115551, 1551539105.832798, 1551539105.955863, 1551539106.002162, 1551539106.0382779, 1551539106.0761049, 1551539106.129497, 1551539112.843194, 1551539113.11691, 1551539113.137481, 1551539113.2003598, 1551539113.2434728, 1551539113.2590442, 1551539113.280396, 1551539113.300511, 1551539113.3238301, 1551539113.361609, 1551539113.377557, 1551539113.401163, 1551539113.437655, 1551539113.462553, 1551539113.478801, 1551539113.500983, 1551539113.5535731, 1551539113.576459, 1551539113.621421, 1551539113.645886, 1551539113.67394, 1551539113.842106, 1551539113.8578, 1551539113.882219, 1551539113.974695, 1551539113.9991732, 1551539114.038038, 1551539114.075145, 1551539114.1013398, 1551539114.128117, 1551539114.186887, 1551539114.220153, 1551539114.2638369, 1551539114.292502, 1551539114.325412, 1551539114.393495, 1551539114.485138, 1551539119.406155, 1551539119.617541, 1551539119.6446211, 1551539119.6784031, 1551539119.7005289, 1551539119.715372, 1551539119.755407, 1551539119.785407, 1551539119.819541, 1551539119.842592, 1551539119.8843908, 1551539119.907915, 1551539119.953276, 1551539119.9914508, 1551539120.0322618, 1551539120.056441, 1551539120.0876951, 1551539120.116045, 1551539120.146952, 1551539120.170697, 1551539120.24997, 1551539120.283085, 1551539120.3178189, 1551539120.34918, 1551539121.288248, 1551539121.328703, 1551539121.3524249, 1551539121.3733041, 1551539121.411565, 1551539121.4436212, 1551539121.4851992, 1551539121.50254, 1551539121.531903, 1551539121.575686, 1551539121.5923688, 1551539121.613905, 1551539121.6312928, 1551539121.6518369, 1551539121.684973, 1551539121.710598, 1551539121.887178, 1551539121.907896, 1551539121.9226382, 1551539121.948788, 1551539121.967461, 1551539121.997587, 1551539122.045811, 1551539122.072427, 1551539122.110569, 1551539122.154597, 1551539122.182047, 1551539122.207933, 1551539122.223093, 1551539122.251904, 1551539122.285271, 1551539122.3059561, 1551539122.358727, 1551539122.391949, 1551539122.414546, 1551539122.432575, 1551539122.473931, 1551539126.269794, 1551539126.533725, 1551539126.562975, 1551539126.599107, 1551539126.623775, 1551539126.642934, 1551539126.787879, 1551539126.817722, 1551539126.890421, 1551539126.918258, 1551539127.02809, 1551539127.079315, 1551539127.0998552, 1551539127.151607, 1551539127.171057, 1551539127.202639, 1551539127.272025, 1551539127.409496, 1551539127.4651039, 1551539127.5777762, 1551539127.609008, 1551539127.657472, 1551539127.684714, 1551539127.721597, 1551539127.762403], "episode_lengths": [90, 96, 102, 85, 83, 70, 113, 92, 104, 65, 68, 64, 76, 56, 73, 78, 92, 71, 166, 68, 82, 62, 149, 56, 57, 98, 82, 89, 71, 53, 121, 87, 57, 69, 76, 58, 86, 59, 70, 86, 62, 60, 58, 111, 82, 101, 74, 70, 243, 54, 91, 162, 67, 86, 84, 60, 74, 127, 71, 94, 70, 73, 128, 160, 77, 69, 67, 81, 81, 59, 92, 103, 80, 63, 88, 82, 96, 85, 92, 92, 73, 104, 74, 61, 151, 77, 81, 107, 726, 86, 88, 69, 117, 71, 88, 68, 71, 96, 53, 62, 71, 72, 78, 65, 240, 67, 52, 66, 68, 73, 98, 97, 96, 87, 85, 56, 58, 67, 97, 52, 130, 85, 61, 67, 82, 57, 58, 67, 82, 65, 70, 208, 88, 131, 83, 165, 98, 55, 98, 67, 71, 104, 194, 98, 173, 69, 97, 94, 74, 79], "episode_rewards": [-648.2772872058739, -315.03561694322315, -256.01267264704694, -325.00236335582883, -602.9988770569223, -208.46176611396717, -583.9345699532532, -335.14471947608854, -639.4780877191411, -539.0619591782788, -486.6505029099426, -140.14707130710588, -557.3634636762506, -486.1293778258892, -510.14526771922954, -361.9353387872953, -432.68361675385495, -372.82202858273087, -227.05153010642704, -522.2794622449815, -617.1451726164422, -147.1451224244599, -804.4635345582932, -334.7579503760906, -410.9034449809724, -150.267735450856, -416.6002272850159, -343.8749340205859, -428.65518575483526, -268.050459741202, -683.5034205695378, -601.4206972561168, -119.77199587406116, -210.2939856752212, -181.04262416732269, -327.8121144981594, -700.3718543008321, -161.4316065649669, -147.3904426637253, -490.8094858902821, -529.1643666003674, -96.26500927734648, -244.63832484844988, -438.8213008958069, -115.86597041781963, -298.5413537690548, -464.38005506260856, -635.4185572017211, -2486.2956355009887, -145.19992794709088, -170.27200754357364, -853.3252225370086, -481.56845113920434, -659.7204410461347, -616.9941778298482, -347.32545390121237, -373.6566391786222, -256.32359791008304, -98.89408379109413, -234.54652055072802, -615.1922518292047, -533.5854879533531, -551.0841070755578, -979.3653747554276, -551.8413263191715, -105.84722789090719, -436.19390562913907, -338.82638939775734, -193.6939296823948, -99.00292341415036, -286.61167691698586, -19.95851238926035, -508.6162117808345, -300.7132482860858, -376.73298173413247, -128.62100921710692, -387.0095172427545, -594.3240652746471, -630.3097872939118, -90.54629759113821, -154.58832146982058, -5.290914769683411, -693.2271594721374, -346.8079638273613, -927.673622985762, -647.5490267670378, -696.381517624039, -384.44499508957773, 193.01043403750265, -89.56149704612122, -200.36376645123823, -106.19059913896521, -163.99381202526902, -65.46101762243481, -299.7503273171375, -174.53876834985886, -79.67646311837754, -455.5943024854473, -206.14987546349903, -396.51578147776064, -121.60963718921164, -161.12644515466405, -674.0214286090285, -401.02183080806344, -1235.0260137275288, -255.32227090218225, -126.36797900599842, -549.7201475847985, -117.00064654396911, -177.06858658920163, -470.17874671455263, -154.98520261348114, -249.238004227168, -586.0551015029848, -146.55426760873138, -207.36988421028488, -83.99484301885428, -201.42452372600533, -325.5335951399461, -385.9199000847417, -375.5541542091454, -481.4914721708252, -92.08724318872076, -128.6146959994661, -400.20387237527035, -132.82798401579242, -123.45828235367779, -471.1541090382634, -784.9166014736501, -253.49110348617302, -127.69789822712649, -1356.5388313935466, -427.4557586174574, -720.0161042400513, -411.542043146453, -582.4743707062808, -612.6335970132739, -147.75330382165558, -589.4327137104261, -181.7709734636051, -288.8482247827154, -450.1171153723446, -1255.9604399768484, -417.1833475703438, -770.112066987631, -607.9283095624584, -673.627142681903, -127.06505681147027, -445.0889977260704, -406.21138556072316], "episode_types": ["t", "t", "t", "t", "t", "t", "t", "t", "t", "t", "t", "t", "t", "t", "t", "t", "t", "t", "t", "t", "t", "t", "t", "t", "t", "t", "t", "t", "t", "t", "t", "t", "t", "t", "t", "t", "t", "t", "t", "t", "t", "t", "t", "t", "t", "t", "t", "t", "t", "t", "t", "t", "t", "t", "t", "t", "t", "t", "t", "t", "t", "t", "t", "t", "t", "t", "t", "t", "t", "t", "t", "t", "t", "t", "t", "t", "t", "t", "t", "t", "t", "t", "t", "t", "t", "t", "t", "t", "t", "t", "t", "t", "t", "t", "t", "t", "t", "t", "t", "t", "t", "t", "t", "t", "t", "t", "t", "t", "t", "t", "t", "t", "t", "t", "t", "t", "t", "t", "t", "t", "t", "t", "t", "t", "t", "t", "t", "t", "t", "t", "t", "t", "t", "t", "t", "t", "t", "t", "t", "t", "t", "t", "t", "t", "t", "t", "t", "t", "t", "t"]}